checkpoint_path,eval_average_episode_reward,eval_average_episode_turns,eval_average_final_placement_score,eval_average_final_vp,eval_average_first_place_rate,eval_episodes_evaluated,eval_steps_evaluated,eval_truncation_count,eval_winner_counts,param_allow_domestic_trade,param_checkpoint_dir,param_clip_epsilon,param_device,param_entropy_coef,param_gae_lambda,param_gamma,param_learning_rate,param_max_grad_norm,param_max_turns,param_minibatch_size,param_normalize_advantages,param_num_players,param_reward_config.placement_rewards.1,param_reward_config.placement_rewards.2,param_reward_config.placement_rewards.3,param_reward_config.placement_rewards.4,param_reward_config.weights.cards_gained,param_reward_config.weights.cards_stolen,param_reward_config.weights.cities_built,param_reward_config.weights.dev_cards_bought,param_reward_config.weights.dev_cards_played,param_reward_config.weights.final_vp,param_reward_config.weights.moves_taken,param_reward_config.weights.placement_score,param_reward_config.weights.resources_discarded,param_reward_config.weights.roads_built,param_reward_config.weights.robber_steals,param_reward_config.weights.settlements_built,param_reward_config.weights.truncation,param_reward_config.weights.turn_penalty,param_reward_config.weights.vp_gain,param_reward_config.weights.win,param_rollout_episodes,param_run_eval_episodes,param_seed,param_update_epochs,param_value_coef,resume_checkpoint,resumed_update_step,session_name,session_path,train_average_episode_reward,train_average_episode_turns,train_average_final_placement_score,train_average_final_vp,train_average_first_place_rate,train_entropy,train_episodes_collected,train_explained_variance,train_policy_loss,train_steps_collected,train_total_loss,train_truncation_count,train_value_loss,train_winner_counts,update,updates_requested
training_runs/training_session_001_20260409_141409/checkpoints/checkpoint_0002.pt,1.0,1000.0,1.0,2.0,0.0,2,4785,2,"{""none"": 2}",False,training_runs/training_session_001_20260409_141409/checkpoints,0.2,cpu,0.01,0.95,0.99,0.0003,0.5,1000,8,True,4,1.0,0.5,0.25,0.0,0.0,0.0,0.0,0.0,0.0,0.0,0.0,1.0,0.0,0.0,0.0,0.0,,0.0,0.0,0.0,2,2,7,1,0.5,/tmp/catan_resume_test/training_session_001_20260409_135900/checkpoints/checkpoint_0001.pt,1,training_session_001_20260409_141409,training_runs/training_session_001_20260409_141409,1.0,208.5,0.46875,5.625,1.0,0.8402049721218645,2,0.07003980875015259,-3.8798898458480835e-06,1278,-0.002512532047694549,0,0.011786795572857046,"{""0"": 1, ""1"": 1}",2,3
training_runs/training_session_001_20260409_141409/checkpoints/checkpoint_0003.pt,1.0,1000.0,1.0,2.0,0.0,2,4762,2,"{""none"": 2}",False,training_runs/training_session_001_20260409_141409/checkpoints,0.2,cpu,0.01,0.95,0.99,0.0003,0.5,1000,8,True,4,1.0,0.5,0.25,0.0,0.0,0.0,0.0,0.0,0.0,0.0,0.0,1.0,0.0,0.0,0.0,0.0,,0.0,0.0,0.0,2,2,7,1,0.5,/tmp/catan_resume_test/training_session_001_20260409_135900/checkpoints/checkpoint_0001.pt,1,training_session_001_20260409_141409,training_runs/training_session_001_20260409_141409,1.0,258.0,0.4375,5.875,1.0,0.8676519545942846,2,0.15650033950805664,0.0004595257341861725,1584,-0.0038845834152942352,0,0.008664820242678744,"{""0"": 2}",3,3
training_runs/training_session_001_20260409_141409/checkpoints/checkpoint_0004.pt,0.625,1000.0,0.5,3.625,0.0,2,5333,2,"{""none"": 2}",False,training_runs/training_session_001_20260409_141409/checkpoints,0.2,cpu,0.01,0.95,0.99,0.0003,0.5,1000,8,True,4,1.0,0.5,0.25,0.0,0.0,0.0,0.0,0.0,0.0,0.0,0.0,1.0,0.0,0.0,0.0,0.0,,0.0,0.0,0.0,2,2,7,1,0.5,/tmp/catan_resume_test/training_session_001_20260409_135900/checkpoints/checkpoint_0001.pt,1,training_session_001_20260409_141409,training_runs/training_session_001_20260409_141409,1.0,305.5,0.46875,5.5,1.0,0.6877131764259603,2,0.18988418579101562,0.0005776714619801,1721,-0.002244877798215452,0,0.008109165220444251,"{""1"": 1, ""2"": 1}",4,3
training_runs/training_session_002_20260409_142708/checkpoints/checkpoint_0001.pt,1.0,10.0,1.0,2.0,0.0,1,38,1,"{""none"": 1}",False,training_runs/training_session_002_20260409_142708/checkpoints,0.2,cpu,0.01,0.95,0.99,0.0003,0.5,10,8,True,4,1.0,0.5,0.25,0.0,0.0,0.0,0.0,0.0,0.0,0.0,0.0,1.0,0.0,0.0,0.0,0.0,,0.0,0.0,0.0,1,1,7,1,0.5,,0,training_session_002_20260409_142708,training_runs/training_session_002_20260409_142708,1.0,10.0,1.0,2.0,0.0,1.2206710527340572,1,0.020079433917999268,-0.0017567418205241363,43,0.06097379125033816,1,0.14987448727091154,"{""none"": 1}",1,1
training_runs/training_session_003_20260409_143032/checkpoints/checkpoint_0002.pt,1.0,258.5,0.5,4.625,1.0,2,1447,0,"{""0"": 1, ""1"": 1}",False,training_runs/training_session_003_20260409_143032/checkpoints,0.2,cpu,0.01,0.95,0.99,0.0003,0.5,1000,8,True,4,1.0,0.5,0.25,0.0,0.0,0.0,0.0,0.0,0.0,0.0,0.0,1.0,0.0,0.0,0.0,0.0,,0.0,0.0,0.0,2,2,7,1,0.5,training_runs/training_session_002_20260409_142708/checkpoints/checkpoint_0001.pt,1,training_session_003_20260409_143032,training_runs/training_session_003_20260409_143032,1.0,351.5,0.4375,6.375,1.0,0.7772995066608637,2,0.022031664848327637,0.0007306210597166578,2090,-0.003972181225664743,0,0.00614038371313151,"{""1"": 1, ""2"": 1}",2,3
training_runs/training_session_003_20260409_143032/checkpoints/checkpoint_0003.pt,0.75,1000.0,0.75,2.875,0.0,2,5255,2,"{""none"": 2}",False,training_runs/training_session_003_20260409_143032/checkpoints,0.2,cpu,0.01,0.95,0.99,0.0003,0.5,1000,8,True,4,1.0,0.5,0.25,0.0,0.0,0.0,0.0,0.0,0.0,0.0,0.0,1.0,0.0,0.0,0.0,0.0,,0.0,0.0,0.0,2,2,7,1,0.5,training_runs/training_session_002_20260409_142708/checkpoints/checkpoint_0001.pt,1,training_session_003_20260409_143032,training_runs/training_session_003_20260409_143032,1.0,281.5,0.5,6.125,1.0,0.8252274071977984,2,0.09342199563980103,0.0005248888451520199,1733,-0.004322708369777774,0,0.006809348324027835,"{""1"": 1, ""2"": 1}",3,3
training_runs/training_session_003_20260409_143032/checkpoints/checkpoint_0004.pt,1.0,505.5,0.4375,6.875,1.0,2,3092,0,"{""0"": 1, ""3"": 1}",False,training_runs/training_session_003_20260409_143032/checkpoints,0.2,cpu,0.01,0.95,0.99,0.0003,0.5,1000,8,True,4,1.0,0.5,0.25,0.0,0.0,0.0,0.0,0.0,0.0,0.0,0.0,1.0,0.0,0.0,0.0,0.0,,0.0,0.0,0.0,2,2,7,1,0.5,training_runs/training_session_002_20260409_142708/checkpoints/checkpoint_0001.pt,1,training_session_003_20260409_143032,training_runs/training_session_003_20260409_143032,1.0,342.0,0.4375,7.0,1.0,0.8424760747923336,2,0.257834255695343,1.5349940521948373e-05,2142,-0.005825500330651429,0,0.005167818397307771,"{""1"": 1, ""3"": 1}",4,3
training_runs/training_session_005_20260409_152759/checkpoints/checkpoint_0005.pt,0.3125,828.25,0.453125,5.1875,0.25,4,9607,3,"{""1"": 1, ""none"": 3}",False,training_runs/training_session_005_20260409_152759/checkpoints,0.2,cpu,0.01,0.95,0.99,0.0003,0.5,1000,32,True,4,1.0,0.5,0.25,0.0,0.0,0.0,0.0,0.0,0.0,0.0,0.0,1.0,0.0,0.0,0.0,0.0,,0.0,0.0,0.0,8,4,7,2,0.5,training_runs/training_session_003_20260409_143032/checkpoints/checkpoint_0004.pt,4,training_session_005_20260409_152759,training_runs/training_session_005_20260409_152759,1.0,290.75,0.453125,5.96875,1.0,0.7757430546981399,8,0.5069348812103271,-0.0002915623108534494,6934,-0.005321127423707585,0,0.005455730211411921,"{""0"": 3, ""1"": 2, ""2"": 1, ""3"": 2}",5,20
training_runs/training_session_005_20260409_152759/checkpoints/checkpoint_0006.pt,0.75,833.0,0.484375,4.375,0.25,4,8093,3,"{""0"": 1, ""none"": 3}",False,training_runs/training_session_005_20260409_152759/checkpoints,0.2,cpu,0.01,0.95,0.99,0.0003,0.5,1000,32,True,4,1.0,0.5,0.25,0.0,0.0,0.0,0.0,0.0,0.0,0.0,0.0,1.0,0.0,0.0,0.0,0.0,,0.0,0.0,0.0,8,4,7,2,0.5,training_runs/training_session_003_20260409_143032/checkpoints/checkpoint_0004.pt,4,training_session_005_20260409_152759,training_runs/training_session_005_20260409_152759,1.0,332.25,0.4453125,6.21875,1.0,0.7680120548053134,8,0.8564056158065796,-0.0026632998750785427,7906,-0.008624418263113307,0,0.0034380050025110023,"{""0"": 2, ""1"": 1, ""2"": 2, ""3"": 3}",6,20
training_runs/training_session_005_20260409_152759/checkpoints/checkpoint_0007.pt,0.75,987.0,0.609375,4.25,0.25,4,9520,3,"{""0"": 1, ""none"": 3}",False,training_runs/training_session_005_20260409_152759/checkpoints,0.2,cpu,0.01,0.95,0.99,0.0003,0.5,1000,32,True,4,1.0,0.5,0.25,0.0,0.0,0.0,0.0,0.0,0.0,0.0,0.0,1.0,0.0,0.0,0.0,0.0,,0.0,0.0,0.0,8,4,7,2,0.5,training_runs/training_session_003_20260409_143032/checkpoints/checkpoint_0004.pt,4,training_session_005_20260409_152759,training_runs/training_session_005_20260409_152759,0.875,303.625,0.453125,6.03125,1.0,0.7992112763128426,8,0.8777480125427246,-0.0028478073934296464,7308,-0.009522266814070368,0,0.002635305774841441,"{""0"": 1, ""1"": 3, ""2"": 2, ""3"": 2}",7,20
training_runs/training_session_005_20260409_152759/checkpoints/checkpoint_0008.pt,0.875,668.75,0.5,4.3125,0.75,4,7034,1,"{""1"": 3, ""none"": 1}",False,training_runs/training_session_005_20260409_152759/checkpoints,0.2,cpu,0.01,0.95,0.99,0.0003,0.5,1000,32,True,4,1.0,0.5,0.25,0.0,0.0,0.0,0.0,0.0,0.0,0.0,0.0,1.0,0.0,0.0,0.0,0.0,,0.0,0.0,0.0,8,4,7,2,0.5,training_runs/training_session_003_20260409_143032/checkpoints/checkpoint_0004.pt,4,training_session_005_20260409_152759,training_runs/training_session_005_20260409_152759,1.0,338.375,0.4375,6.28125,1.0,0.7875577901663046,8,0.921582818031311,-0.0020642008654508195,8065,-0.00854859778955726,0,0.002782360473114527,"{""0"": 2, ""2"": 3, ""3"": 3}",8,20
training_runs/training_session_005_20260409_152759/checkpoints/checkpoint_0009.pt,0.8125,716.25,0.46875,5.4375,0.5,4,8053,2,"{""2"": 1, ""3"": 1, ""none"": 2}",False,training_runs/training_session_005_20260409_152759/checkpoints,0.2,cpu,0.01,0.95,0.99,0.0003,0.5,1000,32,True,4,1.0,0.5,0.25,0.0,0.0,0.0,0.0,0.0,0.0,0.0,0.0,1.0,0.0,0.0,0.0,0.0,,0.0,0.0,0.0,8,4,7,2,0.5,training_runs/training_session_003_20260409_143032/checkpoints/checkpoint_0004.pt,4,training_session_005_20260409_152759,training_runs/training_session_005_20260409_152759,1.0,205.125,0.4453125,5.40625,1.0,0.7731676000085744,8,0.8708508610725403,-0.0008378405964558388,4901,-0.0061626658947267505,0,0.004813700741082853,"{""0"": 1, ""1"": 2, ""2"": 4, ""3"": 1}",9,20
training_runs/training_session_005_20260409_152759/checkpoints/checkpoint_0010.pt,1.0,727.25,0.453125,5.8125,0.5,4,7652,2,"{""2"": 1, ""3"": 1, ""none"": 2}",False,training_runs/training_session_005_20260409_152759/checkpoints,0.2,cpu,0.01,0.95,0.99,0.0003,0.5,1000,32,True,4,1.0,0.5,0.25,0.0,0.0,0.0,0.0,0.0,0.0,0.0,0.0,1.0,0.0,0.0,0.0,0.0,,0.0,0.0,0.0,8,4,7,2,0.5,training_runs/training_session_003_20260409_143032/checkpoints/checkpoint_0004.pt,4,training_session_005_20260409_152759,training_runs/training_session_005_20260409_152759,1.0,216.25,0.4453125,5.78125,1.0,0.7838419739819743,8,0.9304160475730896,0.00010786543063179482,5197,-0.0061019968749966725,0,0.0032571143686929947,"{""0"": 2, ""1"": 3, ""2"": 2, ""3"": 1}",10,20
training_runs/training_session_005_20260409_152759/checkpoints/checkpoint_0011.pt,1.0,933.5,0.484375,4.9375,0.25,4,9273,3,"{""2"": 1, ""none"": 3}",False,training_runs/training_session_005_20260409_152759/checkpoints,0.2,cpu,0.01,0.95,0.99,0.0003,0.5,1000,32,True,4,1.0,0.5,0.25,0.0,0.0,0.0,0.0,0.0,0.0,0.0,0.0,1.0,0.0,0.0,0.0,0.0,,0.0,0.0,0.0,8,4,7,2,0.5,training_runs/training_session_003_20260409_143032/checkpoints/checkpoint_0004.pt,4,training_session_005_20260409_152759,training_runs/training_session_005_20260409_152759,1.0,215.25,0.4375,5.9375,1.0,0.7463228485119417,8,0.9555388689041138,-1.3758987041904866e-05,5066,-0.005999288422131688,0,0.0029553982940971604,"{""0"": 2, ""1"": 1, ""2"": 2, ""3"": 3}",11,20
training_runs/training_session_005_20260409_152759/checkpoints/checkpoint_0012.pt,0.8125,1000.0,0.53125,4.0625,0.0,4,9789,4,"{""none"": 4}",False,training_runs/training_session_005_20260409_152759/checkpoints,0.2,cpu,0.01,0.95,0.99,0.0003,0.5,1000,32,True,4,1.0,0.5,0.25,0.0,0.0,0.0,0.0,0.0,0.0,0.0,0.0,1.0,0.0,0.0,0.0,0.0,,0.0,0.0,0.0,8,4,7,2,0.5,training_runs/training_session_003_20260409_143032/checkpoints/checkpoint_0004.pt,4,training_session_005_20260409_152759,training_runs/training_session_005_20260409_152759,1.0,287.125,0.4375,6.3125,1.0,0.7674024065749513,8,0.9785853624343872,-0.0005531773980086049,6893,-0.0072313923619394364,0,0.001991618455543142,"{""1"": 5, ""2"": 1, ""3"": 2}",12,20
training_runs/training_session_005_20260409_152759/checkpoints/checkpoint_0013.pt,1.0,763.25,0.578125,4.375,0.5,4,7545,2,"{""2"": 1, ""3"": 1, ""none"": 2}",False,training_runs/training_session_005_20260409_152759/checkpoints,0.2,cpu,0.01,0.95,0.99,0.0003,0.5,1000,32,True,4,1.0,0.5,0.25,0.0,0.0,0.0,0.0,0.0,0.0,0.0,0.0,1.0,0.0,0.0,0.0,0.0,,0.0,0.0,0.0,8,4,7,2,0.5,training_runs/training_session_003_20260409_143032/checkpoints/checkpoint_0004.pt,4,training_session_005_20260409_152759,training_runs/training_session_005_20260409_152759,1.0,232.25,0.4453125,5.9375,1.0,0.8077418866117348,8,0.9697651863098145,-0.0020887102065817193,5688,-0.008752373792754297,0,0.002827509833919015,"{""0"": 1, ""1"": 2, ""2"": 3, ""3"": 2}",13,20
training_runs/training_session_005_20260409_152759/checkpoints/checkpoint_0014.pt,0.625,520.75,0.53125,4.1875,0.75,4,5183,1,"{""0"": 1, ""1"": 1, ""2"": 1, ""none"": 1}",False,training_runs/training_session_005_20260409_152759/checkpoints,0.2,cpu,0.01,0.95,0.99,0.0003,0.5,1000,32,True,4,1.0,0.5,0.25,0.0,0.0,0.0,0.0,0.0,0.0,0.0,0.0,1.0,0.0,0.0,0.0,0.0,,0.0,0.0,0.0,8,4,7,2,0.5,training_runs/training_session_003_20260409_143032/checkpoints/checkpoint_0004.pt,4,training_session_005_20260409_152759,training_runs/training_session_005_20260409_152759,1.0,212.625,0.4921875,5.3125,1.0,0.7382455861112874,8,0.9693766236305237,-0.0005034377125898602,4993,-0.006664330517549875,0,0.002443126132293053,"{""1"": 3, ""2"": 1, ""3"": 4}",14,20
training_runs/training_session_005_20260409_152759/checkpoints/checkpoint_0015.pt,1.0,674.75,0.4375,6.1875,0.75,4,7186,1,"{""1"": 1, ""3"": 2, ""none"": 1}",False,training_runs/training_session_005_20260409_152759/checkpoints,0.2,cpu,0.01,0.95,0.99,0.0003,0.5,1000,32,True,4,1.0,0.5,0.25,0.0,0.0,0.0,0.0,0.0,0.0,0.0,0.0,1.0,0.0,0.0,0.0,0.0,,0.0,0.0,0.0,8,4,7,2,0.5,training_runs/training_session_003_20260409_143032/checkpoints/checkpoint_0004.pt,4,training_session_005_20260409_152759,training_runs/training_session_005_20260409_152759,1.0,205.5,0.453125,6.3125,1.0,0.8023355652572243,8,0.9841704964637756,-0.001441021298598142,5004,-0.00850452292431739,0,0.0019197067971397665,"{""0"": 2, ""1"": 2, ""2"": 2, ""3"": 2}",15,20
training_runs/training_session_005_20260409_152759/checkpoints/checkpoint_0016.pt,0.875,816.5,0.59375,4.8125,0.5,4,8254,2,"{""0"": 1, ""2"": 1, ""none"": 2}",False,training_runs/training_session_005_20260409_152759/checkpoints,0.2,cpu,0.01,0.95,0.99,0.0003,0.5,1000,32,True,4,1.0,0.5,0.25,0.0,0.0,0.0,0.0,0.0,0.0,0.0,0.0,1.0,0.0,0.0,0.0,0.0,,0.0,0.0,0.0,8,4,7,2,0.5,training_runs/training_session_003_20260409_143032/checkpoints/checkpoint_0004.pt,4,training_session_005_20260409_152759,training_runs/training_session_005_20260409_152759,1.0,283.125,0.4453125,5.8125,1.0,0.7269097720295334,8,0.9851205348968506,0.0006113059454314086,6602,-0.0059350796734491265,0,0.0014454240027470919,"{""0"": 3, ""1"": 2, ""2"": 2, ""3"": 1}",16,20
training_runs/training_session_005_20260409_152759/checkpoints/checkpoint_0017.pt,1.0,469.75,0.5,4.625,0.75,4,4668,1,"{""1"": 1, ""3"": 2, ""none"": 1}",False,training_runs/training_session_005_20260409_152759/checkpoints,0.2,cpu,0.01,0.95,0.99,0.0003,0.5,1000,32,True,4,1.0,0.5,0.25,0.0,0.0,0.0,0.0,0.0,0.0,0.0,0.0,1.0,0.0,0.0,0.0,0.0,,0.0,0.0,0.0,8,4,7,2,0.5,training_runs/training_session_003_20260409_143032/checkpoints/checkpoint_0004.pt,4,training_session_005_20260409_152759,training_runs/training_session_005_20260409_152759,1.0,216.5,0.453125,5.84375,1.0,0.7774626996861883,8,0.9845672249794006,-0.00017839974403964826,5288,-0.007125446234874606,0,0.001655160506162652,"{""0"": 2, ""1"": 4, ""2"": 2}",17,20
training_runs/training_session_005_20260409_152759/checkpoints/checkpoint_0018.pt,0.6875,878.75,0.5,3.9375,0.25,4,8703,3,"{""3"": 1, ""none"": 3}",False,training_runs/training_session_005_20260409_152759/checkpoints,0.2,cpu,0.01,0.95,0.99,0.0003,0.5,1000,32,True,4,1.0,0.5,0.25,0.0,0.0,0.0,0.0,0.0,0.0,0.0,0.0,1.0,0.0,0.0,0.0,0.0,,0.0,0.0,0.0,8,4,7,2,0.5,training_runs/training_session_003_20260409_143032/checkpoints/checkpoint_0004.pt,4,training_session_005_20260409_152759,training_runs/training_session_005_20260409_152759,1.0,271.625,0.4453125,6.21875,1.0,0.7292856148364556,8,0.9824830889701843,-0.00034250143328073187,6350,-0.006772953640182863,0,0.0017248085637014692,"{""0"": 2, ""1"": 3, ""2"": 3}",18,20
training_runs/training_session_005_20260409_152759/checkpoints/checkpoint_0019.pt,1.0,674.0,0.453125,5.0625,0.5,4,6923,2,"{""2"": 2, ""none"": 2}",False,training_runs/training_session_005_20260409_152759/checkpoints,0.2,cpu,0.01,0.95,0.99,0.0003,0.5,1000,32,True,4,1.0,0.5,0.25,0.0,0.0,0.0,0.0,0.0,0.0,0.0,0.0,1.0,0.0,0.0,0.0,0.0,,0.0,0.0,0.0,8,4,7,2,0.5,training_runs/training_session_003_20260409_143032/checkpoints/checkpoint_0004.pt,4,training_session_005_20260409_152759,training_runs/training_session_005_20260409_152759,1.0,218.125,0.4453125,6.0625,1.0,0.7825579751216009,8,0.9630386829376221,-0.0010323812934140602,5313,-0.007684245706301651,0,0.002347429391435496,"{""0"": 1, ""1"": 3, ""2"": 2, ""3"": 2}",19,20
training_runs/training_session_006_20260409_162036/checkpoints/checkpoint_0005.pt,0.5625,677.125,0.46875,5.4375,0.5,8,16319,4,"{""0"": 1, ""1"": 2, ""3"": 1, ""none"": 4}",False,training_runs/training_session_006_20260409_162036/checkpoints,0.2,cpu,0.01,0.95,0.99,0.0003,0.5,1000,16,True,4,1.0,0.5,0.25,0.0,0.0,0.0,0.0,0.0,0.0,0.0,0.0,1.0,0.0,0.0,0.0,0.0,,0.0,0.0,0.0,4,8,7,1,0.5,training_runs/training_session_003_20260409_143032/checkpoints/checkpoint_0004.pt,4,training_session_006_20260409_162036,training_runs/training_session_006_20260409_162036,1.0,356.25,0.453125,5.75,1.0,0.720612644314996,4,0.32291537523269653,9.728204566827151e-05,4142,-0.004549202262909371,0,0.0051192837161712955,"{""0"": 2, ""2"": 1, ""3"": 1}",5,5
training_runs/training_session_006_20260409_162036/checkpoints/checkpoint_0006.pt,0.5625,863.0,0.4453125,5.84375,0.25,8,19794,6,"{""0"": 2, ""none"": 6}",False,training_runs/training_session_006_20260409_162036/checkpoints,0.2,cpu,0.01,0.95,0.99,0.0003,0.5,1000,16,True,4,1.0,0.5,0.25,0.0,0.0,0.0,0.0,0.0,0.0,0.0,0.0,1.0,0.0,0.0,0.0,0.0,,0.0,0.0,0.0,4,8,7,1,0.5,training_runs/training_session_003_20260409_143032/checkpoints/checkpoint_0004.pt,4,training_session_006_20260409_162036,training_runs/training_session_006_20260409_162036,1.0,323.75,0.484375,5.8125,1.0,0.8255592958927155,4,0.47148948907852173,0.00037102796137332915,3991,-0.0051310886833816766,0,0.005506951029150514,"{""0"": 1, ""2"": 2, ""3"": 1}",6,5
training_runs/training_session_006_20260409_162036/checkpoints/checkpoint_0007.pt,0.9375,599.875,0.46875,5.4375,0.75,8,13716,2,"{""2"": 3, ""3"": 3, ""none"": 2}",False,training_runs/training_session_006_20260409_162036/checkpoints,0.2,cpu,0.01,0.95,0.99,0.0003,0.5,1000,16,True,4,1.0,0.5,0.25,0.0,0.0,0.0,0.0,0.0,0.0,0.0,0.0,1.0,0.0,0.0,0.0,0.0,,0.0,0.0,0.0,4,8,7,1,0.5,training_runs/training_session_003_20260409_143032/checkpoints/checkpoint_0004.pt,4,training_session_006_20260409_162036,training_runs/training_session_006_20260409_162036,1.0,364.25,0.453125,6.125,1.0,0.7247931957244873,4,0.6472986936569214,0.00013846558644751408,4241,-0.005222264510978546,0,0.003774402751811354,"{""1"": 1, ""2"": 1, ""3"": 2}",7,5
training_runs/training_session_006_20260409_162036/checkpoints/checkpoint_0008.pt,0.9375,724.625,0.5,4.3125,0.625,8,14568,3,"{""0"": 1, ""1"": 3, ""2"": 1, ""none"": 3}",False,training_runs/training_session_006_20260409_162036/checkpoints,0.2,cpu,0.01,0.95,0.99,0.0003,0.5,1000,16,True,4,1.0,0.5,0.25,0.0,0.0,0.0,0.0,0.0,0.0,0.0,0.0,1.0,0.0,0.0,0.0,0.0,,0.0,0.0,0.0,4,8,7,1,0.5,training_runs/training_session_003_20260409_143032/checkpoints/checkpoint_0004.pt,4,training_session_006_20260409_162036,training_runs/training_session_006_20260409_162036,1.0,355.75,0.4375,6.4375,1.0,0.734629077073258,4,0.8919826745986938,0.0001286552216272473,4169,-0.005693591008911987,0,0.003048088786735733,"{""0"": 2, ""1"": 1, ""2"": 1}",8,5
training_runs/training_session_006_20260409_162036/checkpoints/checkpoint_0009.pt,0.84375,550.875,0.53125,4.75,0.75,8,11584,2,"{""1"": 1, ""2"": 1, ""3"": 4, ""none"": 2}",False,training_runs/training_session_006_20260409_162036/checkpoints,0.2,cpu,0.01,0.95,0.99,0.0003,0.5,1000,16,True,4,1.0,0.5,0.25,0.0,0.0,0.0,0.0,0.0,0.0,0.0,0.0,1.0,0.0,0.0,0.0,0.0,,0.0,0.0,0.0,4,8,7,1,0.5,training_runs/training_session_003_20260409_143032/checkpoints/checkpoint_0004.pt,4,training_session_006_20260409_162036,training_runs/training_session_006_20260409_162036,1.0,260.75,0.453125,6.1875,1.0,0.7347994719812383,4,0.820632815361023,2.5790426099955723e-05,3048,-0.005282333859422912,0,0.004079738878655669,"{""0"": 1, ""2"": 2, ""3"": 1}",9,5
training_runs/training_session_007_20260410_103344/checkpoints/checkpoint_0010.pt,0.5462500000000223,453.5,0.5625,4.15625,0.75,8,9530,2,"{""0"": 2, ""1"": 4, ""none"": 2}",False,training_runs/training_session_007_20260410_103344/checkpoints,0.2,cpu,0.01,0.95,0.99,0.0003,0.5,1000,16,True,4,1.0,0.5,0.25,0.0,0.0,0.0,0.0,0.0,0.0,0.0,0.0,1.0,0.0,0.0,0.0,0.0,,-0.001,0.05,0.0,4,8,7,1,0.5,training_runs/training_session_006_20260409_162036/checkpoints/checkpoint_0009.pt,9,training_session_007_20260410_103344,training_runs/training_session_007_20260410_103344,1.4134999999999989,370.5,0.4375,7.0625,1.0,0.7900751123645089,4,0.8926851749420166,0.00018199652433395386,4396,-0.005664303148673339,0,0.00410890219330957,"{""0"": 2, ""1"": 2}",10,5
training_runs/training_session_007_20260410_103344/checkpoints/checkpoint_0011.pt,1.2393749999999992,275.625,0.4921875,4.90625,1.0,8,6335,0,"{""0"": 4, ""1"": 3, ""2"": 1}",False,training_runs/training_session_007_20260410_103344/checkpoints,0.2,cpu,0.01,0.95,0.99,0.0003,0.5,1000,16,True,4,1.0,0.5,0.25,0.0,0.0,0.0,0.0,0.0,0.0,0.0,0.0,1.0,0.0,0.0,0.0,0.0,,-0.001,0.05,0.0,4,8,7,1,0.5,training_runs/training_session_006_20260409_162036/checkpoints/checkpoint_0009.pt,9,training_session_007_20260410_103344,training_runs/training_session_007_20260410_103344,1.3464999999999991,301.75,0.46875,5.6875,1.0,0.7467172878873722,4,0.7640629410743713,0.00010943232363114977,3564,-0.00446788966029281,0,0.005779702907374375,"{""1"": 2, ""2"": 1, ""3"": 1}",11,5
training_runs/training_session_007_20260410_103344/checkpoints/checkpoint_0012.pt,0.0020000000000345575,665.375,0.515625,4.875,0.5,8,13984,4,"{""0"": 1, ""1"": 3, ""none"": 4}",False,training_runs/training_session_007_20260410_103344/checkpoints,0.2,cpu,0.01,0.95,0.99,0.0003,0.5,1000,16,True,4,1.0,0.5,0.25,0.0,0.0,0.0,0.0,0.0,0.0,0.0,0.0,1.0,0.0,0.0,0.0,0.0,,-0.001,0.05,0.0,4,8,7,1,0.5,training_runs/training_session_006_20260409_162036/checkpoints/checkpoint_0009.pt,9,training_session_007_20260410_103344,training_runs/training_session_007_20260410_103344,1.391249999999999,306.75,0.4375,6.25,1.0,0.7678711061414919,4,0.8721961975097656,-0.006806963899483283,3635,-0.012143720586767845,0,0.00468390663956055,"{""0"": 1, ""2"": 2, ""3"": 1}",12,5
training_runs/training_session_007_20260410_103344/checkpoints/checkpoint_0013.pt,1.0722500000000128,339.375,0.5078125,5.0625,0.875,8,7622,1,"{""0"": 4, ""1"": 3, ""none"": 1}",False,training_runs/training_session_007_20260410_103344/checkpoints,0.2,cpu,0.01,0.95,0.99,0.0003,0.5,1000,16,True,4,1.0,0.5,0.25,0.0,0.0,0.0,0.0,0.0,0.0,0.0,0.0,1.0,0.0,0.0,0.0,0.0,,-0.001,0.05,0.0,4,8,7,1,0.5,training_runs/training_session_006_20260409_162036/checkpoints/checkpoint_0009.pt,9,training_session_007_20260410_103344,training_runs/training_session_007_20260410_103344,1.2332499999999988,326.0,0.4375,5.9375,1.0,0.7833852336722977,4,0.9375870823860168,-0.0005215237107203931,3917,-0.006400779395231179,0,0.003909192395477309,"{""0"": 1, ""2"": 1, ""3"": 2}",13,5
training_runs/training_session_007_20260410_103344/checkpoints/checkpoint_0014.pt,0.45925000000002963,527.625,0.5,4.5625,0.625,8,11226,3,"{""0"": 2, ""1"": 2, ""3"": 1, ""none"": 3}",False,training_runs/training_session_007_20260410_103344/checkpoints,0.2,cpu,0.01,0.95,0.99,0.0003,0.5,1000,16,True,4,1.0,0.5,0.25,0.0,0.0,0.0,0.0,0.0,0.0,0.0,0.0,1.0,0.0,0.0,0.0,0.0,,-0.001,0.05,0.0,4,8,7,1,0.5,training_runs/training_session_006_20260409_162036/checkpoints/checkpoint_0009.pt,9,training_session_007_20260410_103344,training_runs/training_session_007_20260410_103344,1.3372499999999992,303.5,0.453125,5.8125,1.0,0.7042596295612044,4,0.8595951795578003,-0.0003574479469119414,3501,-0.004951377458802369,0,0.004897334525461593,"{""0"": 2, ""1"": 2}",14,5
training_runs/training_session_008_20260410_110113/checkpoints/checkpoint_0014.pt,0.7811250000000104,634.875,0.4921875,4.90625,0.625,8,13401,3,"{""1"": 1, ""2"": 2, ""3"": 2, ""none"": 3}",False,training_runs/training_session_008_20260410_110113/checkpoints,0.2,cpu,0.01,0.95,0.99,0.0001,0.5,1000,16,True,4,1.0,0.5,0.25,0.0,0.0,0.0,0.0,0.0,0.0,0.0,0.0,1.0,0.0,0.0,0.0,0.0,-0.1,-0.001,0.08,0.0,6,8,7,1,0.5,training_runs/training_session_007_20260410_103344/checkpoints/checkpoint_0013.pt,13,training_session_008_20260410_110113,training_runs/training_session_008_20260410_110113,2.304000000000015,244.16666666666666,0.4375,6.125,1.0,0.761266459805378,6,0.9213879108428955,-0.0009992819977924228,4416,-0.005902385254781963,0,0.005419123916552686,"{""0"": 3, ""1"": 2, ""3"": 1}",14,15
training_runs/training_session_008_20260410_110113/checkpoints/checkpoint_0015.pt,0.8457500000000193,641.5,0.5078125,5.0625,0.625,8,13374,3,"{""0"": 2, ""2"": 1, ""3"": 2, ""none"": 3}",False,training_runs/training_session_008_20260410_110113/checkpoints,0.2,cpu,0.01,0.95,0.99,0.0001,0.5,1000,16,True,4,1.0,0.5,0.25,0.0,0.0,0.0,0.0,0.0,0.0,0.0,0.0,1.0,0.0,0.0,0.0,0.0,-0.1,-0.001,0.08,0.0,6,8,7,1,0.5,training_runs/training_session_007_20260410_103344/checkpoints/checkpoint_0013.pt,13,training_session_008_20260410_110113,training_runs/training_session_008_20260410_110113,2.221666666666687,260.0,0.4375,5.875,1.0,0.7365557117978248,6,0.9334503412246704,-0.0017769456798866236,4590,-0.0066770284504788675,0,0.0049309466881531485,"{""0"": 1, ""1"": 2, ""2"": 3}",15,15
training_runs/training_session_008_20260410_110113/checkpoints/checkpoint_0016.pt,0.976500000000035,552.875,0.578125,4.53125,0.75,8,12068,2,"{""2"": 3, ""3"": 3, ""none"": 2}",False,training_runs/training_session_008_20260410_110113/checkpoints,0.2,cpu,0.01,0.95,0.99,0.0001,0.5,1000,16,True,4,1.0,0.5,0.25,0.0,0.0,0.0,0.0,0.0,0.0,0.0,0.0,1.0,0.0,0.0,0.0,0.0,-0.1,-0.001,0.08,0.0,6,8,7,1,0.5,training_runs/training_session_007_20260410_103344/checkpoints/checkpoint_0013.pt,13,training_session_008_20260410_110113,training_runs/training_session_008_20260410_110113,2.4858333333333538,276.1666666666667,0.4583333333333333,6.583333333333333,1.0,0.7626844840213514,6,0.9446871280670166,-0.001743526944813256,5005,-0.00688793536457129,0,0.004964873275776117,"{""0"": 2, ""2"": 3, ""3"": 1}",16,15
training_runs/training_session_008_20260410_110113/checkpoints/checkpoint_0017.pt,-0.29062499999995206,911.875,0.65625,3.6875,0.125,8,19045,7,"{""3"": 1, ""none"": 7}",False,training_runs/training_session_008_20260410_110113/checkpoints,0.2,cpu,0.01,0.95,0.99,0.0001,0.5,1000,16,True,4,1.0,0.5,0.25,0.0,0.0,0.0,0.0,0.0,0.0,0.0,0.0,1.0,0.0,0.0,0.0,0.0,-0.1,-0.001,0.08,0.0,6,8,7,1,0.5,training_runs/training_session_007_20260410_103344/checkpoints/checkpoint_0013.pt,13,training_session_008_20260410_110113,training_runs/training_session_008_20260410_110113,2.1363333333333463,208.16666666666666,0.4583333333333333,5.375,1.0,0.727825728631436,6,0.8355688452720642,0.0004487451385527719,3662,-0.0027761952707535836,0,0.00810663367232194,"{""0"": 2, ""2"": 3, ""3"": 1}",17,15
training_runs/training_session_008_20260410_110113/checkpoints/checkpoint_0018.pt,-0.05312499999997167,770.375,0.5859375,4.125,0.375,8,16145,5,"{""0"": 1, ""1"": 1, ""2"": 1, ""none"": 5}",False,training_runs/training_session_008_20260410_110113/checkpoints,0.2,cpu,0.01,0.95,0.99,0.0001,0.5,1000,16,True,4,1.0,0.5,0.25,0.0,0.0,0.0,0.0,0.0,0.0,0.0,0.0,1.0,0.0,0.0,0.0,0.0,-0.1,-0.001,0.08,0.0,6,8,7,1,0.5,training_runs/training_session_007_20260410_103344/checkpoints/checkpoint_0013.pt,13,training_session_008_20260410_110113,training_runs/training_session_008_20260410_110113,2.2618333333333545,288.5,0.4375,6.041666666666667,1.0,0.705007308950791,6,0.959305465221405,0.000259582550288775,4989,-0.00502522739295203,0,0.0035305255488567175,"{""1"": 2, ""2"": 3, ""3"": 1}",18,15
training_runs/training_session_008_20260410_110113/checkpoints/checkpoint_0019.pt,1.0350000000000095,581.5,0.484375,4.8125,0.625,8,12360,3,"{""1"": 1, ""2"": 1, ""3"": 3, ""none"": 3}",False,training_runs/training_session_008_20260410_110113/checkpoints,0.2,cpu,0.01,0.95,0.99,0.0001,0.5,1000,16,True,4,1.0,0.5,0.25,0.0,0.0,0.0,0.0,0.0,0.0,0.0,0.0,1.0,0.0,0.0,0.0,0.0,-0.1,-0.001,0.08,0.0,6,8,7,1,0.5,training_runs/training_session_007_20260410_103344/checkpoints/checkpoint_0013.pt,13,training_session_008_20260410_110113,training_runs/training_session_008_20260410_110113,2.2428333333333614,263.1666666666667,0.4375,6.25,1.0,0.8001300883724501,6,0.9432984590530396,4.048418792846956e-05,4863,-0.00590857110709246,0,0.004104490209819663,"{""2"": 3, ""3"": 3}",19,15
training_runs/training_session_008_20260410_110113/checkpoints/checkpoint_0020.pt,-0.28449999999996833,927.25,0.6171875,3.9375,0.25,8,19416,6,"{""0"": 1, ""2"": 1, ""none"": 6}",False,training_runs/training_session_008_20260410_110113/checkpoints,0.2,cpu,0.01,0.95,0.99,0.0001,0.5,1000,16,True,4,1.0,0.5,0.25,0.0,0.0,0.0,0.0,0.0,0.0,0.0,0.0,1.0,0.0,0.0,0.0,0.0,-0.1,-0.001,0.08,0.0,6,8,7,1,0.5,training_runs/training_session_007_20260410_103344/checkpoints/checkpoint_0013.pt,13,training_session_008_20260410_110113,training_runs/training_session_008_20260410_110113,2.2680000000000136,204.5,0.4479166666666667,5.666666666666667,1.0,0.7609444794502664,6,0.9296222925186157,0.00041411063693305277,3752,-0.0044857599316759315,0,0.005419146594655839,"{""0"": 3, ""1"": 1, ""3"": 2}",20,15
training_runs/training_session_008_20260410_110113/checkpoints/checkpoint_0021.pt,-0.32849999999996005,873.625,0.5625,3.8125,0.375,8,17548,5,"{""1"": 2, ""3"": 1, ""none"": 5}",False,training_runs/training_session_008_20260410_110113/checkpoints,0.2,cpu,0.01,0.95,0.99,0.0001,0.5,1000,16,True,4,1.0,0.5,0.25,0.0,0.0,0.0,0.0,0.0,0.0,0.0,0.0,1.0,0.0,0.0,0.0,0.0,-0.1,-0.001,0.08,0.0,6,8,7,1,0.5,training_runs/training_session_007_20260410_103344/checkpoints/checkpoint_0013.pt,13,training_session_008_20260410_110113,training_runs/training_session_008_20260410_110113,2.2261666666666837,254.66666666666666,0.4479166666666667,6.083333333333333,1.0,0.7093052513287585,6,0.9524871706962585,-0.001973689547027345,4483,-0.006968156685654962,0,0.004197169086577709,"{""0"": 1, ""1"": 3, ""2"": 1, ""3"": 1}",21,15
training_runs/training_session_008_20260410_110113/checkpoints/checkpoint_0022.pt,1.8146250000000057,352.5,0.4609375,5.53125,1.0,8,8443,0,"{""1"": 1, ""2"": 2, ""3"": 5}",False,training_runs/training_session_008_20260410_110113/checkpoints,0.2,cpu,0.01,0.95,0.99,0.0001,0.5,1000,16,True,4,1.0,0.5,0.25,0.0,0.0,0.0,0.0,0.0,0.0,0.0,0.0,1.0,0.0,0.0,0.0,0.0,-0.1,-0.001,0.08,0.0,6,8,7,1,0.5,training_runs/training_session_007_20260410_103344/checkpoints/checkpoint_0013.pt,13,training_session_008_20260410_110113,training_runs/training_session_008_20260410_110113,2.271666666666683,176.83333333333334,0.4791666666666667,5.458333333333333,1.0,0.7203202706073696,6,0.9389642477035522,-0.002197159819267503,3170,-0.006715864757422227,0,0.005368996180193826,"{""1"": 2, ""2"": 1, ""3"": 3}",22,15
training_runs/training_session_008_20260410_110113/checkpoints/checkpoint_0023.pt,1.9903750000000193,339.25,0.4765625,5.25,1.0,8,7597,0,"{""0"": 1, ""2"": 3, ""3"": 4}",False,training_runs/training_session_008_20260410_110113/checkpoints,0.2,cpu,0.01,0.95,0.99,0.0001,0.5,1000,16,True,4,1.0,0.5,0.25,0.0,0.0,0.0,0.0,0.0,0.0,0.0,0.0,1.0,0.0,0.0,0.0,0.0,-0.1,-0.001,0.08,0.0,6,8,7,1,0.5,training_runs/training_session_007_20260410_103344/checkpoints/checkpoint_0013.pt,13,training_session_008_20260410_110113,training_runs/training_session_008_20260410_110113,2.283000000000023,193.33333333333334,0.46875,5.541666666666667,1.0,0.7051036866886593,6,0.9502481818199158,0.0006021972937143851,3422,-0.003826596127892627,0,0.005244484862963294,"{""0"": 1, ""1"": 2, ""2"": 3}",23,15
training_runs/training_session_008_20260410_110113/checkpoints/checkpoint_0024.pt,0.1798750000000151,761.125,0.5,4.96875,0.5,8,16001,4,"{""0"": 1, ""3"": 3, ""none"": 4}",False,training_runs/training_session_008_20260410_110113/checkpoints,0.2,cpu,0.01,0.95,0.99,0.0001,0.5,1000,16,True,4,1.0,0.5,0.25,0.0,0.0,0.0,0.0,0.0,0.0,0.0,0.0,1.0,0.0,0.0,0.0,0.0,-0.1,-0.001,0.08,0.0,6,8,7,1,0.5,training_runs/training_session_007_20260410_103344/checkpoints/checkpoint_0013.pt,13,training_session_008_20260410_110113,training_runs/training_session_008_20260410_110113,2.176500000000027,246.33333333333334,0.4479166666666667,5.75,1.0,0.7325988766006244,6,0.9585303664207458,0.0002663651528003822,4461,-0.005424351179404818,0,0.003270543783137034,"{""0"": 1, ""1"": 4, ""2"": 1}",24,15
training_runs/training_session_008_20260410_110113/checkpoints/checkpoint_0025.pt,1.4775000000000102,446.875,0.5078125,5.09375,0.875,8,9810,1,"{""1"": 1, ""2"": 4, ""3"": 2, ""none"": 1}",False,training_runs/training_session_008_20260410_110113/checkpoints,0.2,cpu,0.01,0.95,0.99,0.0001,0.5,1000,16,True,4,1.0,0.5,0.25,0.0,0.0,0.0,0.0,0.0,0.0,0.0,0.0,1.0,0.0,0.0,0.0,0.0,-0.1,-0.001,0.08,0.0,6,8,7,1,0.5,training_runs/training_session_007_20260410_103344/checkpoints/checkpoint_0013.pt,13,training_session_008_20260410_110113,training_runs/training_session_008_20260410_110113,2.1676666666666886,280.6666666666667,0.4375,5.833333333333333,1.0,0.670764404874627,6,0.9514418244361877,-0.0023091875536139844,4834,-0.007528776053966272,0,0.0029761119189145036,"{""0"": 1, ""2"": 3, ""3"": 2}",25,15
training_runs/training_session_008_20260410_110113/checkpoints/checkpoint_0026.pt,1.178,569.125,0.5,5.0625,0.75,8,12436,2,"{""0"": 4, ""2"": 1, ""3"": 1, ""none"": 2}",False,training_runs/training_session_008_20260410_110113/checkpoints,0.2,cpu,0.01,0.95,0.99,0.0001,0.5,1000,16,True,4,1.0,0.5,0.25,0.0,0.0,0.0,0.0,0.0,0.0,0.0,0.0,1.0,0.0,0.0,0.0,0.0,-0.1,-0.001,0.08,0.0,6,8,7,1,0.5,training_runs/training_session_007_20260410_103344/checkpoints/checkpoint_0013.pt,13,training_session_008_20260410_110113,training_runs/training_session_008_20260410_110113,2.3578333333333523,191.83333333333334,0.4583333333333333,5.625,1.0,0.7209025856314434,6,0.901867151260376,0.0003269562514981738,3453,-0.004163210839679878,0,0.005437717414611985,"{""0"": 2, ""1"": 2, ""2"": 1, ""3"": 1}",26,15
training_runs/training_session_008_20260410_110113/checkpoints/checkpoint_0027.pt,0.553750000000017,699.5,0.5,4.71875,0.5,8,14230,4,"{""0"": 1, ""2"": 1, ""3"": 2, ""none"": 4}",False,training_runs/training_session_008_20260410_110113/checkpoints,0.2,cpu,0.01,0.95,0.99,0.0001,0.5,1000,16,True,4,1.0,0.5,0.25,0.0,0.0,0.0,0.0,0.0,0.0,0.0,0.0,1.0,0.0,0.0,0.0,0.0,-0.1,-0.001,0.08,0.0,6,8,7,1,0.5,training_runs/training_session_007_20260410_103344/checkpoints/checkpoint_0013.pt,13,training_session_008_20260410_110113,training_runs/training_session_008_20260410_110113,2.2178333333333433,212.66666666666666,0.46875,5.75,1.0,0.7216139933262326,6,0.9652090668678284,-0.00046968057782190744,3893,-0.005881234465289067,0,0.0036091726394007592,"{""0"": 2, ""1"": 1, ""2"": 2, ""3"": 1}",27,15
training_runs/training_session_008_20260410_110113/checkpoints/checkpoint_0028.pt,1.5187500000000151,434.5,0.4765625,5.0625,0.875,8,9030,1,"{""2"": 1, ""3"": 6, ""none"": 1}",False,training_runs/training_session_008_20260410_110113/checkpoints,0.2,cpu,0.01,0.95,0.99,0.0001,0.5,1000,16,True,4,1.0,0.5,0.25,0.0,0.0,0.0,0.0,0.0,0.0,0.0,0.0,1.0,0.0,0.0,0.0,0.0,-0.1,-0.001,0.08,0.0,6,8,7,1,0.5,training_runs/training_session_007_20260410_103344/checkpoints/checkpoint_0013.pt,13,training_session_008_20260410_110113,training_runs/training_session_008_20260410_110113,2.150000000000027,270.8333333333333,0.4479166666666667,5.75,1.0,0.6996891666266033,6,0.9372032880783081,-0.00012875441150322407,4780,-0.00520304312468522,0,0.0038452055208878684,"{""0"": 2, ""1"": 3, ""2"": 1}",28,15
training_runs/training_session_009_20260410_130216/checkpoints/checkpoint_0024.pt,1.266812500000096,728.625,0.5078125,4.8125,0.125,8,15831,7,"{""1"": 1, ""none"": 7}",False,training_runs/training_session_009_20260410_130216/checkpoints,0.2,cpu,0.01,0.95,0.99,0.0001,0.5,800,16,True,4,1.0,0.5,0.25,0.0,0.0,0.0,0.0,0.0,0.0,0.0,0.0,1.0,0.0,0.0,0.0,0.0,-0.05,-0.0005,0.1,0.0,6,8,7,1,0.5,training_runs/training_session_008_20260410_110113/checkpoints/checkpoint_0023.pt,23,training_session_009_20260410_130216,training_runs/training_session_009_20260410_130216,2.9381666666666924,178.5,0.46875,5.333333333333333,1.0,0.6897861039275446,6,0.8805410265922546,-0.00021327789021930113,3142,-0.0041624720168162875,0,0.005897331947394585,"{""0"": 1, ""1"": 1, ""2"": 2, ""3"": 2}",24,8
training_runs/training_session_009_20260410_130216/checkpoints/checkpoint_0025.pt,2.5301250000000466,419.125,0.5078125,4.9375,0.875,8,9518,1,"{""0"": 1, ""1"": 1, ""2"": 3, ""3"": 2, ""none"": 1}",False,training_runs/training_session_009_20260410_130216/checkpoints,0.2,cpu,0.01,0.95,0.99,0.0001,0.5,800,16,True,4,1.0,0.5,0.25,0.0,0.0,0.0,0.0,0.0,0.0,0.0,0.0,1.0,0.0,0.0,0.0,0.0,-0.05,-0.0005,0.1,0.0,6,8,7,1,0.5,training_runs/training_session_008_20260410_110113/checkpoints/checkpoint_0023.pt,23,training_session_009_20260410_130216,training_runs/training_session_009_20260410_130216,3.3826666666666636,301.1666666666667,0.4479166666666667,6.75,1.0,0.7184706414504164,6,0.9684714674949646,0.0005293668953139754,5408,-0.004462283826570892,0,0.004386109927498333,"{""0"": 2, ""1"": 1, ""2"": 3}",25,8
training_runs/training_session_009_20260410_130216/checkpoints/checkpoint_0026.pt,2.1421875000000714,530.25,0.46875,4.71875,0.625,8,11425,3,"{""0"": 1, ""2"": 2, ""3"": 2, ""none"": 3}",False,training_runs/training_session_009_20260410_130216/checkpoints,0.2,cpu,0.01,0.95,0.99,0.0001,0.5,800,16,True,4,1.0,0.5,0.25,0.0,0.0,0.0,0.0,0.0,0.0,0.0,0.0,1.0,0.0,0.0,0.0,0.0,-0.05,-0.0005,0.1,0.0,6,8,7,1,0.5,training_runs/training_session_008_20260410_110113/checkpoints/checkpoint_0023.pt,23,training_session_009_20260410_130216,training_runs/training_session_009_20260410_130216,2.8456666666666943,197.0,0.4791666666666667,5.083333333333333,1.0,0.6667027019171251,6,0.9404391646385193,3.0108292035206602e-05,3452,-0.004450585392381375,0,0.004372665396658704,"{""0"": 1, ""1"": 4, ""2"": 1}",26,8
training_runs/training_session_009_20260410_130216/checkpoints/checkpoint_0027.pt,2.2178750000000367,324.375,0.515625,4.28125,0.75,8,7014,2,"{""0"": 1, ""1"": 4, ""3"": 1, ""none"": 2}",False,training_runs/training_session_009_20260410_130216/checkpoints,0.2,cpu,0.01,0.95,0.99,0.0001,0.5,800,16,True,4,1.0,0.5,0.25,0.0,0.0,0.0,0.0,0.0,0.0,0.0,0.0,1.0,0.0,0.0,0.0,0.0,-0.05,-0.0005,0.1,0.0,6,8,7,1,0.5,training_runs/training_session_008_20260410_110113/checkpoints/checkpoint_0023.pt,23,training_session_009_20260410_130216,training_runs/training_session_009_20260410_130216,3.0377500000000293,282.8333333333333,0.4375,5.875,1.0,0.6659682000596677,6,0.9720340371131897,0.001340653786375638,4947,-0.00358979788969361,0,0.003458460650759779,"{""0"": 1, ""1"": 2, ""2"": 2, ""3"": 1}",27,8
training_runs/training_session_009_20260410_130216/checkpoints/checkpoint_0028.pt,2.1553750000000647,460.0,0.5078125,4.96875,0.75,8,9814,2,"{""1"": 5, ""3"": 1, ""none"": 2}",False,training_runs/training_session_009_20260410_130216/checkpoints,0.2,cpu,0.01,0.95,0.99,0.0001,0.5,800,16,True,4,1.0,0.5,0.25,0.0,0.0,0.0,0.0,0.0,0.0,0.0,0.0,1.0,0.0,0.0,0.0,0.0,-0.05,-0.0005,0.1,0.0,6,8,7,1,0.5,training_runs/training_session_008_20260410_110113/checkpoints/checkpoint_0023.pt,23,training_session_009_20260410_130216,training_runs/training_session_009_20260410_130216,3.131999999999996,265.1666666666667,0.4479166666666667,6.083333333333333,1.0,0.729784675610818,6,0.9570303559303284,5.274683088559249e-05,4816,-0.005109171913720147,0,0.00427185602337617,"{""0"": 2, ""1"": 2, ""2"": 1, ""3"": 1}",28,8
training_runs/training_session_009_20260410_130216/checkpoints/checkpoint_0029.pt,2.6588125000000313,299.25,0.4921875,5.09375,0.875,8,6859,1,"{""0"": 3, ""1"": 3, ""3"": 1, ""none"": 1}",False,training_runs/training_session_009_20260410_130216/checkpoints,0.2,cpu,0.01,0.95,0.99,0.0001,0.5,800,16,True,4,1.0,0.5,0.25,0.0,0.0,0.0,0.0,0.0,0.0,0.0,0.0,1.0,0.0,0.0,0.0,0.0,-0.05,-0.0005,0.1,0.0,6,8,7,1,0.5,training_runs/training_session_008_20260410_110113/checkpoints/checkpoint_0023.pt,23,training_session_009_20260410_130216,training_runs/training_session_009_20260410_130216,2.9223333333333485,164.16666666666666,0.4583333333333333,5.166666666666667,1.0,0.7144150670374865,6,0.936451256275177,-0.0012906891212839148,2932,-0.00595839769559224,0,0.0049528849302315275,"{""0"": 2, ""1"": 1, ""2"": 1, ""3"": 2}",29,8
training_runs/training_session_009_20260410_130216/checkpoints/checkpoint_0030.pt,2.852499999999999,323.375,0.46875,5.375,0.875,8,7060,1,"{""0"": 2, ""1"": 4, ""3"": 1, ""none"": 1}",False,training_runs/training_session_009_20260410_130216/checkpoints,0.2,cpu,0.01,0.95,0.99,0.0001,0.5,800,16,True,4,1.0,0.5,0.25,0.0,0.0,0.0,0.0,0.0,0.0,0.0,0.0,1.0,0.0,0.0,0.0,0.0,-0.05,-0.0005,0.1,0.0,6,8,7,1,0.5,training_runs/training_session_008_20260410_110113/checkpoints/checkpoint_0023.pt,23,training_session_009_20260410_130216,training_runs/training_session_009_20260410_130216,3.233916666666683,275.6666666666667,0.4479166666666667,6.375,1.0,0.7158370495747073,6,0.959483802318573,0.0015395184794363503,4993,-0.0034159523667023775,0,0.004405797843718321,"{""0"": 1, ""1"": 2, ""2"": 1, ""3"": 2}",30,8
training_runs/training_session_009_20260410_130216/checkpoints/checkpoint_0031.pt,1.8034375000000504,513.25,0.53125,4.0,0.5,8,10545,4,"{""2"": 2, ""3"": 2, ""none"": 4}",False,training_runs/training_session_009_20260410_130216/checkpoints,0.2,cpu,0.01,0.95,0.99,0.0001,0.5,800,16,True,4,1.0,0.5,0.25,0.0,0.0,0.0,0.0,0.0,0.0,0.0,0.0,1.0,0.0,0.0,0.0,0.0,-0.05,-0.0005,0.1,0.0,6,8,7,1,0.5,training_runs/training_session_008_20260410_110113/checkpoints/checkpoint_0023.pt,23,training_session_009_20260410_130216,training_runs/training_session_009_20260410_130216,2.865583333333351,154.83333333333334,0.46875,5.5,1.0,0.7300979887050661,6,0.9154565334320068,-0.00044819249094209886,2813,-0.004592537287284027,0,0.006313271782511782,"{""0"": 3, ""1"": 2, ""3"": 1}",31,8
training_runs/training_session_010_20260410_135342/checkpoints/checkpoint_0030.pt,2.84537500000002,304.625,0.5078125,5.375,0.875,8,6674,1,"{""0"": 2, ""1"": 4, ""3"": 1, ""none"": 1}",False,training_runs/training_session_010_20260410_135342/checkpoints,0.2,cpu,0.01,0.95,0.99,0.0001,0.5,650,16,True,4,1.0,0.5,0.25,0.0,0.0,0.0,0.0,0.0,0.0,0.0,0.0,1.0,0.0,0.0,0.0,0.0,-0.1,-0.0005,0.1,0.0,6,8,7,1,0.5,training_runs/training_session_009_20260410_130216/checkpoints/checkpoint_0029.pt,29,training_session_010_20260410_135342,training_runs/training_session_010_20260410_135342,2.935250000000025,179.66666666666666,0.4583333333333333,5.166666666666667,1.0,0.7060241960176271,6,0.9192121028900146,0.0005248062471723436,3177,-0.003851365260592657,0,0.005368140996457195,"{""0"": 2, ""1"": 1, ""3"": 3}",30,6
training_runs/training_session_010_20260410_135342/checkpoints/checkpoint_0031.pt,1.9629375000000453,362.75,0.515625,4.40625,0.75,8,7593,2,"{""0"": 2, ""1"": 3, ""3"": 1, ""none"": 2}",False,training_runs/training_session_010_20260410_135342/checkpoints,0.2,cpu,0.01,0.95,0.99,0.0001,0.5,650,16,True,4,1.0,0.5,0.25,0.0,0.0,0.0,0.0,0.0,0.0,0.0,0.0,1.0,0.0,0.0,0.0,0.0,-0.1,-0.0005,0.1,0.0,6,8,7,1,0.5,training_runs/training_session_009_20260410_130216/checkpoints/checkpoint_0029.pt,29,training_session_010_20260410_135342,training_runs/training_session_010_20260410_135342,3.15716666666669,214.0,0.4583333333333333,5.958333333333333,1.0,0.7545040401268979,6,0.9588273763656616,2.6383562659730715e-05,3914,-0.005338405225692051,0,0.004360503293288758,"{""0"": 1, ""1"": 3, ""2"": 1, ""3"": 1}",31,6
training_runs/training_session_010_20260410_135342/checkpoints/checkpoint_0032.pt,1.7346250000000711,511.5,0.46875,4.59375,0.375,8,10946,5,"{""0"": 1, ""3"": 2, ""none"": 5}",False,training_runs/training_session_010_20260410_135342/checkpoints,0.2,cpu,0.01,0.95,0.99,0.0001,0.5,650,16,True,4,1.0,0.5,0.25,0.0,0.0,0.0,0.0,0.0,0.0,0.0,0.0,1.0,0.0,0.0,0.0,0.0,-0.1,-0.0005,0.1,0.0,6,8,7,1,0.5,training_runs/training_session_009_20260410_130216/checkpoints/checkpoint_0029.pt,29,training_session_010_20260410_135342,training_runs/training_session_010_20260410_135342,3.1380833333333533,268.1666666666667,0.4583333333333333,5.916666666666667,1.0,0.7149207129923985,6,0.9679207801818848,-0.0007534355586802317,4743,-0.006014813774074067,0,0.0037756581592408044,"{""0"": 1, ""1"": 1, ""2"": 4}",32,6
training_runs/training_session_010_20260410_135342/checkpoints/checkpoint_0033.pt,2.0122500000000376,431.5,0.546875,4.0,0.625,8,8804,3,"{""2"": 1, ""3"": 4, ""none"": 3}",False,training_runs/training_session_010_20260410_135342/checkpoints,0.2,cpu,0.01,0.95,0.99,0.0001,0.5,650,16,True,4,1.0,0.5,0.25,0.0,0.0,0.0,0.0,0.0,0.0,0.0,0.0,1.0,0.0,0.0,0.0,0.0,-0.1,-0.0005,0.1,0.0,6,8,7,1,0.5,training_runs/training_session_009_20260410_130216/checkpoints/checkpoint_0029.pt,29,training_session_010_20260410_135342,training_runs/training_session_010_20260410_135342,3.307583333333343,168.16666666666666,0.4479166666666667,6.166666666666667,1.0,0.7373491447705489,6,0.9523576498031616,0.0013652445891728768,3109,-0.003609857273598512,0,0.004796779074538977,"{""1"": 2, ""2"": 1, ""3"": 3}",33,6
training_runs/training_session_010_20260410_135342/checkpoints/checkpoint_0034.pt,2.1459375000000747,529.375,0.46875,4.9375,0.5,8,11065,4,"{""0"": 1, ""2"": 2, ""3"": 1, ""none"": 4}",False,training_runs/training_session_010_20260410_135342/checkpoints,0.2,cpu,0.01,0.95,0.99,0.0001,0.5,650,16,True,4,1.0,0.5,0.25,0.0,0.0,0.0,0.0,0.0,0.0,0.0,0.0,1.0,0.0,0.0,0.0,0.0,-0.1,-0.0005,0.1,0.0,6,8,7,1,0.5,training_runs/training_session_009_20260410_130216/checkpoints/checkpoint_0029.pt,29,training_session_010_20260410_135342,training_runs/training_session_010_20260410_135342,3.102333333333347,258.8333333333333,0.4479166666666667,5.958333333333333,1.0,0.7039915228171365,6,0.9623339772224426,-0.0006195061768476779,4572,-0.006000939893399502,0,0.0033169651766905197,"{""0"": 2, ""1"": 1, ""2"": 1, ""3"": 2}",34,6
training_runs/training_session_010_20260410_135342/checkpoints/checkpoint_0035.pt,1.9758750000000498,534.875,0.4921875,4.875,0.5,8,11186,4,"{""1"": 2, ""2"": 1, ""3"": 1, ""none"": 4}",False,training_runs/training_session_010_20260410_135342/checkpoints,0.2,cpu,0.01,0.95,0.99,0.0001,0.5,650,16,True,4,1.0,0.5,0.25,0.0,0.0,0.0,0.0,0.0,0.0,0.0,0.0,1.0,0.0,0.0,0.0,0.0,-0.1,-0.0005,0.1,0.0,6,8,7,1,0.5,training_runs/training_session_009_20260410_130216/checkpoints/checkpoint_0029.pt,29,training_session_010_20260410_135342,training_runs/training_session_010_20260410_135342,2.8865000000000194,145.83333333333334,0.4791666666666667,5.0,1.0,0.6796737970200061,6,0.9234709143638611,-0.00676348086978708,2562,-0.010741886299577837,0,0.00563666584318712,"{""0"": 3, ""1"": 1, ""3"": 2}",35,6
training_runs/training_session_011_20260410_142828/checkpoints/checkpoint_0030.pt,2.1861250000000263,529.75,0.5,4.84375,0.625,8,11122,3,"{""2"": 1, ""3"": 4, ""none"": 3}",False,training_runs/training_session_011_20260410_142828/checkpoints,0.2,cpu,0.01,0.95,0.99,7e-05,0.5,800,16,True,4,1.0,0.5,0.25,0.0,0.0,0.0,0.0,0.0,0.0,0.0,0.0,1.0,0.0,0.0,0.0,0.0,-0.05,-0.0005,0.1,0.0,6,8,7,1,0.5,training_runs/training_session_009_20260410_130216/checkpoints/checkpoint_0029.pt,29,training_session_011_20260410_142828,training_runs/training_session_011_20260410_142828,3.0790833333333514,181.0,0.4479166666666667,5.708333333333333,1.0,0.7090135155355229,6,0.9576090574264526,0.0012862462020826106,3251,-0.0039022999642161177,0,0.003803178739069742,"{""0"": 1, ""1"": 2, ""2"": 1, ""3"": 2}",30,3
training_runs/training_session_011_20260410_142828/checkpoints/checkpoint_0031.pt,2.5153750000000312,256.375,0.515625,4.65625,1.0,8,5554,0,"{""0"": 5, ""1"": 1, ""3"": 2}",False,training_runs/training_session_011_20260410_142828/checkpoints,0.2,cpu,0.01,0.95,0.99,7e-05,0.5,800,16,True,4,1.0,0.5,0.25,0.0,0.0,0.0,0.0,0.0,0.0,0.0,0.0,1.0,0.0,0.0,0.0,0.0,-0.05,-0.0005,0.1,0.0,6,8,7,1,0.5,training_runs/training_session_009_20260410_130216/checkpoints/checkpoint_0029.pt,29,training_session_011_20260410_142828,training_runs/training_session_011_20260410_142828,2.859166666666697,195.33333333333334,0.4791666666666667,5.041666666666667,1.0,0.6907060538933157,6,0.9491715431213379,0.000889226717695798,3490,-0.004261910947269364,0,0.003511845642651886,"{""1"": 2, ""2"": 2, ""3"": 2}",31,3
training_runs/training_session_011_20260410_142828/checkpoints/checkpoint_0032.pt,2.443562500000033,579.625,0.46875,5.78125,0.625,8,12703,3,"{""1"": 2, ""2"": 2, ""3"": 1, ""none"": 3}",False,training_runs/training_session_011_20260410_142828/checkpoints,0.2,cpu,0.01,0.95,0.99,7e-05,0.5,800,16,True,4,1.0,0.5,0.25,0.0,0.0,0.0,0.0,0.0,0.0,0.0,0.0,1.0,0.0,0.0,0.0,0.0,-0.05,-0.0005,0.1,0.0,6,8,7,1,0.5,training_runs/training_session_009_20260410_130216/checkpoints/checkpoint_0029.pt,29,training_session_011_20260410_142828,training_runs/training_session_011_20260410_142828,3.417916666666663,207.0,0.4583333333333333,6.25,1.0,0.7282280144183445,6,0.964123547077179,0.0006154294200398751,3785,-0.0044416982507655385,0,0.004450305094863858,"{""0"": 3, ""1"": 1, ""2"": 1, ""3"": 1}",32,3
training_runs/training_session_012_20260410_152524/checkpoints/checkpoint_0032.pt,2.1473437500000725,568.25,0.515625,4.71875,0.625,16,23885,6,"{""0"": 2, ""1"": 1, ""2"": 2, ""3"": 5, ""none"": 6}",False,training_runs/training_session_012_20260410_152524/checkpoints,0.2,cpu,0.01,0.95,0.99,7e-05,0.5,800,16,True,4,1.0,0.5,0.25,0.0,0.0,0.0,0.0,0.0,0.0,0.0,0.0,1.0,0.0,0.0,0.0,0.0,-0.05,-0.0005,0.1,0.0,6,16,7,1,0.5,training_runs/training_session_011_20260410_142828/checkpoints/checkpoint_0031.pt,31,training_session_012_20260410_152524,training_runs/training_session_012_20260410_152524,3.4929166666666753,252.16666666666666,0.4479166666666667,6.958333333333333,1.0,0.7366934293569558,6,0.9748379588127136,3.601911035922607e-05,4685,-0.005096807355162888,0,0.004468214279557212,"{""1"": 2, ""2"": 1, ""3"": 3}",32,3
training_runs/training_session_012_20260410_152524/checkpoints/checkpoint_0033.pt,1.6987187500000722,599.8125,0.5234375,4.21875,0.4375,16,24441,9,"{""0"": 1, ""2"": 1, ""3"": 5, ""none"": 9}",False,training_runs/training_session_012_20260410_152524/checkpoints,0.2,cpu,0.01,0.95,0.99,7e-05,0.5,800,16,True,4,1.0,0.5,0.25,0.0,0.0,0.0,0.0,0.0,0.0,0.0,0.0,1.0,0.0,0.0,0.0,0.0,-0.05,-0.0005,0.1,0.0,6,16,7,1,0.5,training_runs/training_session_011_20260410_142828/checkpoints/checkpoint_0031.pt,31,training_session_012_20260410_152524,training_runs/training_session_012_20260410_152524,3.2054166666666823,207.5,0.4479166666666667,5.875,1.0,0.7159633370609875,6,0.9686093330383301,0.0009075505420183524,3735,-0.0044103030684507554,0,0.0036835577575247097,"{""1"": 1, ""2"": 3, ""3"": 2}",33,3
training_runs/training_session_012_20260410_152524/checkpoints/checkpoint_0034.pt,2.3903437500000644,463.0625,0.48046875,5.140625,0.75,16,19809,4,"{""0"": 1, ""1"": 5, ""2"": 2, ""3"": 4, ""none"": 4}",False,training_runs/training_session_012_20260410_152524/checkpoints,0.2,cpu,0.01,0.95,0.99,7e-05,0.5,800,16,True,4,1.0,0.5,0.25,0.0,0.0,0.0,0.0,0.0,0.0,0.0,0.0,1.0,0.0,0.0,0.0,0.0,-0.05,-0.0005,0.1,0.0,6,16,7,1,0.5,training_runs/training_session_011_20260410_142828/checkpoints/checkpoint_0031.pt,31,training_session_012_20260410_152524,training_runs/training_session_012_20260410_152524,3.1630000000000194,170.83333333333334,0.4479166666666667,5.833333333333333,1.0,0.7953262149259962,6,0.9635741114616394,-0.0006522587477573621,3244,-0.006848005504517133,0,0.003515033074310554,"{""0"": 3, ""1"": 2, ""3"": 1}",34,3
training_runs/training_session_013_20260410_153747/checkpoints/checkpoint_0032.pt,1.7492500000000728,538.8125,0.49609375,4.953125,0.5625,16,22844,7,"{""0"": 1, ""1"": 1, ""2"": 1, ""3"": 6, ""none"": 7}",False,training_runs/training_session_013_20260410_153747/checkpoints,0.2,cpu,0.01,0.95,0.99,7e-05,0.5,800,16,True,4,1.0,0.5,0.25,0.0,0.0,0.0,0.0,0.0,0.0,0.0,0.0,1.0,0.0,0.0,0.0,0.0,-0.15,-0.0005,0.08,0.0,6,16,7,1,0.5,training_runs/training_session_011_20260410_142828/checkpoints/checkpoint_0031.pt,31,training_session_013_20260410_153747,training_runs/training_session_013_20260410_153747,2.6024166666666964,196.33333333333334,0.4791666666666667,5.666666666666667,1.0,0.671089823863822,6,0.973950982093811,0.0017236587038629402,3491,-0.0029943422850255415,0,0.003985793345722638,"{""0"": 2, ""1"": 1, ""3"": 3}",32,5
training_runs/training_session_013_20260410_153747/checkpoints/checkpoint_0033.pt,1.4209687500000618,585.9375,0.48828125,4.484375,0.4375,16,24209,9,"{""1"": 1, ""2"": 4, ""3"": 2, ""none"": 9}",False,training_runs/training_session_013_20260410_153747/checkpoints,0.2,cpu,0.01,0.95,0.99,7e-05,0.5,800,16,True,4,1.0,0.5,0.25,0.0,0.0,0.0,0.0,0.0,0.0,0.0,0.0,1.0,0.0,0.0,0.0,0.0,-0.15,-0.0005,0.08,0.0,6,16,7,1,0.5,training_runs/training_session_011_20260410_142828/checkpoints/checkpoint_0031.pt,31,training_session_013_20260410_153747,training_runs/training_session_013_20260410_153747,2.720083333333369,234.0,0.4479166666666667,5.708333333333333,1.0,0.6994974420047724,6,0.9718725681304932,0.00015321135377654663,4159,-0.005571312226283436,0,0.002540900431967412,"{""0"": 3, ""2"": 1, ""3"": 2}",33,5
training_runs/training_session_013_20260410_153747/checkpoints/checkpoint_0034.pt,1.9052500000000712,519.875,0.5,5.125,0.6875,16,21892,5,"{""0"": 2, ""1"": 1, ""2"": 3, ""3"": 5, ""none"": 5}",False,training_runs/training_session_013_20260410_153747/checkpoints,0.2,cpu,0.01,0.95,0.99,7e-05,0.5,800,16,True,4,1.0,0.5,0.25,0.0,0.0,0.0,0.0,0.0,0.0,0.0,0.0,1.0,0.0,0.0,0.0,0.0,-0.15,-0.0005,0.08,0.0,6,16,7,1,0.5,training_runs/training_session_011_20260410_142828/checkpoints/checkpoint_0031.pt,31,training_session_013_20260410_153747,training_runs/training_session_013_20260410_153747,2.739666666666695,203.16666666666666,0.46875,6.0,1.0,0.7429351069790832,6,0.9708914160728455,0.00265768965927221,3764,-0.0033642944931131552,0,0.0028147336761629943,"{""0"": 1, ""1"": 1, ""2"": 2, ""3"": 2}",34,5
training_runs/training_session_013_20260410_153747/checkpoints/checkpoint_0035.pt,1.6600312500000594,562.8125,0.49609375,4.828125,0.5,16,23339,8,"{""0"": 2, ""2"": 5, ""3"": 1, ""none"": 8}",False,training_runs/training_session_013_20260410_153747/checkpoints,0.2,cpu,0.01,0.95,0.99,7e-05,0.5,800,16,True,4,1.0,0.5,0.25,0.0,0.0,0.0,0.0,0.0,0.0,0.0,0.0,1.0,0.0,0.0,0.0,0.0,-0.15,-0.0005,0.08,0.0,6,16,7,1,0.5,training_runs/training_session_011_20260410_142828/checkpoints/checkpoint_0031.pt,31,training_session_013_20260410_153747,training_runs/training_session_013_20260410_153747,2.614416666666697,197.16666666666666,0.4583333333333333,5.708333333333333,1.0,0.671428807316856,6,0.9470634460449219,0.0003216765820980072,3507,-0.004529161571355706,0,0.0037269003908890724,"{""0"": 1, ""1"": 1, ""2"": 2, ""3"": 2}",35,5
training_runs/training_session_013_20260410_153747/checkpoints/checkpoint_0036.pt,1.3220000000000651,654.3125,0.5546875,4.34375,0.3125,16,27076,11,"{""0"": 3, ""2"": 1, ""3"": 1, ""none"": 11}",False,training_runs/training_session_013_20260410_153747/checkpoints,0.2,cpu,0.01,0.95,0.99,7e-05,0.5,800,16,True,4,1.0,0.5,0.25,0.0,0.0,0.0,0.0,0.0,0.0,0.0,0.0,1.0,0.0,0.0,0.0,0.0,-0.15,-0.0005,0.08,0.0,6,16,7,1,0.5,training_runs/training_session_011_20260410_142828/checkpoints/checkpoint_0031.pt,31,training_session_013_20260410_153747,training_runs/training_session_013_20260410_153747,2.662583333333354,182.33333333333334,0.4583333333333333,5.708333333333333,1.0,0.7188319751591075,6,0.9298005104064941,-0.0048866038594175785,3249,-0.009775709368827223,0,0.004598428372250341,"{""1"": 3, ""2"": 2, ""3"": 1}",36,5
